page_url,image_url,current_filename,current_alt,suggested_alt,suggested_filename
https://brushonblock.com/pages/press-archive-brush-on-block,https://brushonblock.com/cdn/shop/files/spf_30_0a3c767b-f416-4ef1-bd64-cdccaee5d57b.png?v=1739482685&width=541,spf_30_0a3c767b-f416-4ef1-bd64-cdccaee5d57b.png,,,brush-on-block-press-archive.png
https://brushonblock.com/pages/press-archive-brush-on-block,https://brushonblock.com/cdn/shop/files/TOT_refill.png?v=1752732979&width=541,TOT_refill.png,,,brush-on-block-press-archive.png
https://brushonblock.com/pages/press-archive-brush-on-block,https://brushonblock.com/cdn/shop/files/KIDS_essentials_Mega.png?v=1749102861&width=542,KIDS_essentials_Mega.png,,,brush-on-block-press-archive.png
https://brushonblock.com/pages/press-archive-brush-on-block,https://brushonblock.com/cdn/shop/files/BOB_logo_horiz_2022_SVG_1.svg?v=1735015141&width=430,BOB_logo_horiz_2022_SVG_1.svg,,,brush-on-block-press-archive.svg
https://brushonblock.com/pages/press-archive-brush-on-block,https://brushonblock.com/cdn/shop/files/spf_30_0a3c767b-f416-4ef1-bd64-cdccaee5d57b.png?v=1739482685&width=541,spf_30_0a3c767b-f416-4ef1-bd64-cdccaee5d57b.png,,,brush-on-block-press-archive.png
https://brushonblock.com/pages/press-archive-brush-on-block,https://brushonblock.com/cdn/shop/files/TOT_refill.png?v=1752732979&width=541,TOT_refill.png,,,brush-on-block-press-archive.png
https://brushonblock.com/pages/press-archive-brush-on-block,https://brushonblock.com/cdn/shop/files/KIDS_essentials_Mega.png?v=1749102861&width=542,KIDS_essentials_Mega.png,,,brush-on-block-press-archive.png
https://brushonblock.com/pages/press-archive-brush-on-block,https://cdn.shopify.com/s/files/1/0408/3481/files/Brush_On_Block_Camille_Styles_March_2025.jpg?v=1742847386,Brush_On_Block_Camille_Styles_March_2025.jpg,"Camille Styles - Rosacea-Friendly Skincare: The Best Products for Redness, Irritation, and Flare-Ups","Camille Styles - Rosacea-Friendly Skincare: The Best Products for Redness, Irritation, and Flare-Ups",brush-on-block-camille-styles---rosacea-friendly-skincare-the-best-products-for.jpg
https://brushonblock.com/pages/press-archive-brush-on-block,https://brushonblock.com/cdn/shop/files/BOB_Cosmetics_oiletries_Mar_2025.jpg?v=1742250882,BOB_Cosmetics_oiletries_Mar_2025.jpg,,,brush-on-block-press-archive.jpg
https://brushonblock.com/pages/press-archive-brush-on-block,https://brushonblock.com/cdn/shop/files/Brush_On_Block_Glamour_March_2025.jpg?v=1742251635,Brush_On_Block_Glamour_March_2025.jpg,,,brush-on-block-press-archive.jpg
https://brushonblock.com/pages/press-archive-brush-on-block,https://cdn.shopify.com/s/files/1/0408/3481/files/Brush_On_Block_BuzzFeed_Mar_2025.jpg?v=1741849697,Brush_On_Block_BuzzFeed_Mar_2025.jpg,,,brush-on-block-press-archive.jpg
https://brushonblock.com/pages/press-archive-brush-on-block,https://cdn.shopify.com/s/files/1/0408/3481/files/BOB_Cosmetics_oiletries_Jan_2025.jpg?v=1738087394,BOB_Cosmetics_oiletries_Jan_2025.jpg,,,brush-on-block-press-archive.jpg
https://brushonblock.com/pages/press-archive-brush-on-block,https://cdn.shopify.com/s/files/1/0408/3481/files/Brush_on_Block_US_Weekly__September_2024_480x480.jpg?v=1726515445,Brush_on_Block_US_Weekly__September_2024_480x480.jpg,"Shop the Best Beauty Products of 2024: Skincare, Makeup, Haircare, More Tested by Us Weekly Editors","Shop the Best Beauty Products of 2024: Skincare, Makeup, Haircare, More Tested by Us Weekly Editors",brush-on-block-shop-the-best-beauty-products-of-2024-skincare-makeup.jpg
https://brushonblock.com/pages/press-archive-brush-on-block,https://cdn.shopify.com/s/files/1/0408/3481/files/Brush_on_Block_Redbook_August_2024_480x480.jpg?v=1723744697,Brush_on_Block_Redbook_August_2024_480x480.jpg,"Brush On Block - Redbook - 10 Best Powder Sunscreens to Keep Your Skin Healthy and Protected, According to Dermatologists","Brush On Block - Redbook - 10 Best Powder Sunscreens to Keep Your Skin Healthy and Protected, According to Dermatologists",brush-on-block---redbook---10-best-powder-sunscreens-to-keep.jpg
https://brushonblock.com/pages/press-archive-brush-on-block,https://cdn.shopify.com/s/files/1/0408/3481/files/Brush_on_Block_NBC_News_August_2024_480x480.jpg?v=1723744234,Brush_on_Block_NBC_News_August_2024_480x480.jpg,"Brush On Block - NBC News  - 7+ best sunscreens for kids, according to dermatologists","Brush On Block - NBC News  - 7+ best sunscreens for kids, according to dermatologists",brush-on-block---nbc-news---7-best-sunscreens-for-kids.jpg
https://brushonblock.com/pages/press-archive-brush-on-block,https://cdn.shopify.com/s/files/1/0408/3481/files/Brush_on_Block_W_July_2024_480x480.jpg?v=1721243797,Brush_on_Block_W_July_2024_480x480.jpg,Brush On Block - W - How to Reapply Sunscreen and Keep Your Makeup Intact,Brush On Block - W - How to Reapply Sunscreen and Keep Your Makeup Intact,brush-on-block---w---how-to-reapply-sunscreen-and-keep.jpg
https://brushonblock.com/pages/press-archive-brush-on-block,https://cdn.shopify.com/s/files/1/0408/3481/files/Brush_on_Block_Pop_Sugar_July_2024_480x480.jpg?v=1721077389,Brush_on_Block_Pop_Sugar_July_2024_480x480.jpg,"Brush On Block - Pop Sugar - How to Reapply Sunscreen Over Makeup, Straight From a Makeup Artist","Brush On Block - Pop Sugar - How to Reapply Sunscreen Over Makeup, Straight From a Makeup Artist",brush-on-block---pop-sugar---how-to-reapply-sunscreen-over.jpg
https://brushonblock.com/pages/press-archive-brush-on-block,https://cdn.shopify.com/s/files/1/0408/3481/files/Brush_on_Block_Good_Housekeeping_July_2024_480x480.jpg?v=1721067301,Brush_on_Block_Good_Housekeeping_July_2024_480x480.jpg,Brush On Block - Good Housekeeping - 35 Beach Gear Essentials You'll Need This Summer,Brush On Block - Good Housekeeping - 35 Beach Gear Essentials You'll Need This Summer,brush-on-block---good-housekeeping---35-beach-gear-essentials-youll.jpg
https://brushonblock.com/pages/press-archive-brush-on-block,https://cdn.shopify.com/s/files/1/0408/3481/files/Brush_on_Block_PS_June_2024_480x480.jpg?v=1719613117,Brush_on_Block_PS_June_2024_480x480.jpg,Brush On Block - Pop Sugar - 6 Ways to Update Your Beauty Routine in the Summer,Brush On Block - Pop Sugar - 6 Ways to Update Your Beauty Routine in the Summer,brush-on-block---pop-sugar---6-ways-to-update-your.jpg
https://brushonblock.com/pages/press-archive-brush-on-block,https://cdn.shopify.com/s/files/1/0408/3481/files/Brush_on_Block_Prevention_June-2024_480x480.jpg?v=1719615432,Brush_on_Block_Prevention_June-2024_480x480.jpg,"Brush On Block - Prevention - 10 Best Powder Sunscreens to Keep Your Skin Healthy and Protected, According to Dermatologists","Brush On Block - Prevention - 10 Best Powder Sunscreens to Keep Your Skin Healthy and Protected, According to Dermatologists",brush-on-block---prevention---10-best-powder-sunscreens-to-keep.jpg
https://brushonblock.com/pages/press-archive-brush-on-block,https://cdn.shopify.com/s/files/1/0408/3481/files/Brush_on_Block_AP_News_June_2024_480x480.jpg?v=1718745997,Brush_on_Block_AP_News_June_2024_480x480.jpg,"Brush On Block - AP News - Best mineral sunscreens, according to expert dermatologists","Brush On Block - AP News - Best mineral sunscreens, according to expert dermatologists",brush-on-block---ap-news---best-mineral-sunscreens-according-to.jpg
https://brushonblock.com/pages/press-archive-brush-on-block,https://cdn.shopify.com/s/files/1/0408/3481/files/Brush_On_Block_Girls_Life_June_2024_480x480.jpg?v=1718745567,Brush_On_Block_Girls_Life_June_2024_480x480.jpg,Brush On Block - Girls’ Life - SPF solutions for the girlies who hate sunscreen,Brush On Block - Girls’ Life - SPF solutions for the girlies who hate sunscreen,brush-on-block---girls-life---spf-solutions-for-the-girlies.jpg
https://brushonblock.com/pages/press-archive-brush-on-block,https://cdn.shopify.com/s/files/1/0408/3481/files/Brush_on_Block_BuzzFeed_June-2024_480x480.jpg?v=1718745295,Brush_on_Block_BuzzFeed_June-2024_480x480.jpg,Brush On Block - BuzzFeed - 17 Beauty Products That Actually Have SPF Over 30,Brush On Block - BuzzFeed - 17 Beauty Products That Actually Have SPF Over 30,brush-on-block---buzzfeed---17-beauty-products-that-actually-have.jpg
https://brushonblock.com/pages/press-archive-brush-on-block,https://cdn.shopify.com/s/files/1/0408/3481/files/Brush_on_Block_Marie_Claire_2024_480x480.jpg?v=1717712483,Brush_on_Block_Marie_Claire_2024_480x480.jpg,Brush On Block - Marie Claire -hardest working product in my summer beauty routine,Brush On Block - Marie Claire -hardest working product in my summer beauty routine,brush-on-block---marie-claire--hardest-working-product-in-my-summer.jpg
https://brushonblock.com/pages/press-archive-brush-on-block,https://cdn.shopify.com/s/files/1/0408/3481/files/Brush_on_Block_The_Week_May_2024_480x480.jpg?v=1717711851,Brush_on_Block_The_Week_May_2024_480x480.jpg,Brush On Block - The Week - 7 SPF products to get your skin through the summer,Brush On Block - The Week - 7 SPF products to get your skin through the summer,brush-on-block---the-week---7-spf-products-to-get.jpg
https://brushonblock.com/pages/press-archive-brush-on-block,https://cdn.shopify.com/s/files/1/0408/3481/files/Brush_on_Block_CNN_Underscored_May_2024_480x480.jpg?v=1717711605,Brush_on_Block_CNN_Underscored_May_2024_480x480.jpg,,,brush-on-block-press-archive.jpg
https://brushonblock.com/pages/press-archive-brush-on-block,https://cdn.shopify.com/s/files/1/0408/3481/files/Brush_on_Block_Fashionista_April_24_85f228c2-df81-4c1e-862b-e0d3a5ce411b_480x480.jpg?v=1719003384,Brush_on_Block_Fashionista_April_24_85f228c2-df81-4c1e-862b-e0d3a5ce411b_480x480.jpg,Brush On Block - Fashionista - 18 Sunscreen-Spiked Makeup Products Beauty Experts Swear By,Brush On Block - Fashionista - 18 Sunscreen-Spiked Makeup Products Beauty Experts Swear By,brush-on-block---fashionista---18-sunscreen-spiked-makeup-products-beauty-experts.jpg
https://brushonblock.com/pages/press-archive-brush-on-block,https://cdn.shopify.com/s/files/1/0408/3481/files/Brush_On_Block_Glamour_April_2024_aa9d16a9-de23-459a-8c17-4541fbc83fff_480x480.png?v=1719003158,Brush_On_Block_Glamour_April_2024_aa9d16a9-de23-459a-8c17-4541fbc83fff_480x480.png,"Brush On Block - Glamour - 9 Best Powder Sunscreens for Reapplication, Approved by Dermatologists","Brush On Block - Glamour - 9 Best Powder Sunscreens for Reapplication, Approved by Dermatologists",brush-on-block---glamour---9-best-powder-sunscreens-for-reapplication.png
https://brushonblock.com/pages/press-archive-brush-on-block,https://cdn.shopify.com/s/files/1/0408/3481/files/Brush_On_Block_Well_Good_April_20204_ee73b535-7cea-40f5-b192-f8ae529e616e_480x480.png?v=1719002908,Brush_On_Block_Well_Good_April_20204_ee73b535-7cea-40f5-b192-f8ae529e616e_480x480.png,Brush On Block - Well And Good - These Top 10 Powder Sunscreens Are Pretty Much SPF in Incognito Mode,Brush On Block - Well And Good - These Top 10 Powder Sunscreens Are Pretty Much SPF in Incognito Mode,brush-on-block---well-and-good---these-top-10-powder.png
https://brushonblock.com/pages/press-archive-brush-on-block,https://cdn.shopify.com/s/files/1/0408/3481/files/BOB_Allure_April_2024_327b713c-37c2-40a5-a561-401391f197e4_480x480.jpg?v=1719002642,BOB_Allure_April_2024_327b713c-37c2-40a5-a561-401391f197e4_480x480.jpg,Brush On Block - Allure - 11 Best Lip Balms With SPF to Soothe and Protect Skin,Brush On Block - Allure - 11 Best Lip Balms With SPF to Soothe and Protect Skin,brush-on-block---allure---11-best-lip-balms-with-spf.jpg
https://brushonblock.com/pages/press-archive-brush-on-block,https://cdn.shopify.com/s/files/1/0408/3481/files/Brush_On_Block_Self_April_2024_480x480.png?v=1717708785,Brush_On_Block_Self_April_2024_480x480.png,,,brush-on-block-press-archive.png
https://brushonblock.com/pages/press-archive-brush-on-block,https://cdn.shopify.com/s/files/1/0408/3481/files/Brush_on_Block_Oprah_Daily_March_24_480x480.jpg?v=1717709269,Brush_on_Block_Oprah_Daily_March_24_480x480.jpg,,,brush-on-block-press-archive.jpg
https://brushonblock.com/pages/press-archive-brush-on-block,https://cdn.shopify.com/s/files/1/0408/3481/files/BOB_People_Mar_2024.png?v=1711057835,BOB_People_Mar_2024.png,,,brush-on-block-press-archive.png
https://brushonblock.com/pages/press-archive-brush-on-block,https://cdn.shopify.com/s/files/1/0408/3481/files/Brush_on_Block_Best_Products_Mar-2024.png?v=1711057835,Brush_on_Block_Best_Products_Mar-2024.png,,,brush-on-block-press-archive.png
https://brushonblock.com/pages/press-archive-brush-on-block,https://cdn.shopify.com/s/files/1/0408/3481/files/Brush_on_Block_-_US_Weekly_Feb_2024_480x480.png?v=1708475735,Brush_on_Block_-_US_Weekly_Feb_2024_480x480.png,Brush On Block - US Weekly - Absolute Best Bronzers for Fair Skin,Brush On Block - US Weekly - Absolute Best Bronzers for Fair Skin,brush-on-block---us-weekly---absolute-best-bronzers-for-fair.png
https://brushonblock.com/pages/press-archive-brush-on-block,https://cdn.shopify.com/s/files/1/0408/3481/files/Brush_On_Block_-_CNET_-_January_2024_e0dc369c-ca84-441c-94aa-1d788a230b86_480x480.png?v=1705474745,Brush_On_Block_-_CNET_-_January_2024_e0dc369c-ca84-441c-94aa-1d788a230b86_480x480.png,Brush On Block - CNET - The 15 Best Mineral Sunscreens of 2024,Brush On Block - CNET - The 15 Best Mineral Sunscreens of 2024,brush-on-block---cnet---the-15-best-mineral-sunscreens-of.png
https://brushonblock.com/pages/press-archive-brush-on-block,https://cdn.shopify.com/s/files/1/0408/3481/files/Brush_On_Block_-_PinkVilla-January_2024_4e6f611d-22e1-4bfd-83ea-0803cd9d0526_480x480.png?v=1705473811,Brush_On_Block_-_PinkVilla-January_2024_4e6f611d-22e1-4bfd-83ea-0803cd9d0526_480x480.png,Brush On Block - PinkVilla - Best Travel Toiletries That Ensure Hassle-free Packing for Holidays,Brush On Block - PinkVilla - Best Travel Toiletries That Ensure Hassle-free Packing for Holidays,brush-on-block---pinkvilla---best-travel-toiletries-that-ensure-hassle-free.png
https://brushonblock.com/pages/press-archive-brush-on-block,https://cdn.shopify.com/s/files/1/0408/3481/files/Brush_on_Block_-_Refinery29_-_September_-2023_806df943-4be8-4df3-8eed-722c371c9fbb_480x480.png?v=1705472857,Brush_on_Block_-_Refinery29_-_September_-2023_806df943-4be8-4df3-8eed-722c371c9fbb_480x480.png,Brush On Block - Refinery29 - Everyone’s Talking About Scalp Sunscreen — But Is It Right For Black Hair?,Brush On Block - Refinery29 - Everyone’s Talking About Scalp Sunscreen — But Is It Right For Black Hair?,brush-on-block---refinery29---everyones-talking-about-scalp-sunscreen-but.png
https://brushonblock.com/pages/press-archive-brush-on-block,https://cdn.shopify.com/s/files/1/0408/3481/files/Brush_on_Block_-_LIVESTRONG_-_September_2023_5e2c8803-d84f-44e5-8b42-d58dd5bcec3b_480x480.jpg?v=1705472021,Brush_on_Block_-_LIVESTRONG_-_September_2023_5e2c8803-d84f-44e5-8b42-d58dd5bcec3b_480x480.jpg,Brush On Block - LIVESTRONG - What Causes Skin Cancer on Your Eyelid and How It's Treated,Brush On Block - LIVESTRONG - What Causes Skin Cancer on Your Eyelid and How It's Treated,brush-on-block---livestrong---what-causes-skin-cancer-on-your.jpg
https://brushonblock.com/pages/press-archive-brush-on-block,https://cdn.shopify.com/s/files/1/0408/3481/files/Brush_On_Bloc_-_The_Skincare_Edit_-_August_2023_3b355c02-df4c-49e2-9cb5-e0bac267eb3d_480x480.jpg?v=1692227574,Brush_On_Bloc_-_The_Skincare_Edit_-_August_2023_3b355c02-df4c-49e2-9cb5-e0bac267eb3d_480x480.jpg,Brush On Block - The Skincare Edit - Does Powder Sunscreen Actually Work? What It Can Do for Your Skin and the Right Way to Use It,Brush On Block - The Skincare Edit - Does Powder Sunscreen Actually Work? What It Can Do for Your Skin and the Right Way to Use It,brush-on-block---the-skincare-edit---does-powder-sunscreen-actually.jpg
https://brushonblock.com/pages/press-archive-brush-on-block,https://cdn.shopify.com/s/files/1/0408/3481/files/Brush_on_Block_-_Refinery_-_August_2023_480x480.jpg?v=1692037856,Brush_on_Block_-_Refinery_-_August_2023_480x480.jpg,Brush On Block - Refinery29 - Best Sunscreen for Every Skin Type,Brush On Block - Refinery29 - Best Sunscreen for Every Skin Type,brush-on-block---refinery29---best-sunscreen-for-every-skin-type.jpg
https://brushonblock.com/pages/press-archive-brush-on-block,https://cdn.shopify.com/s/files/1/0408/3481/files/Brush_on_Block_-_Camille_Styles-_August__2023_05426786-f04f-4b43-a1ce-74d62b408e71_480x480.jpg?v=1692038665,Brush_on_Block_-_Camille_Styles-_August__2023_05426786-f04f-4b43-a1ce-74d62b408e71_480x480.jpg,Brush On Block - Camille Styles - Best Sunscreen for Every Skin Type,Brush On Block - Camille Styles - Best Sunscreen for Every Skin Type,brush-on-block---camille-styles---best-sunscreen-for-every-skin.jpg
https://brushonblock.com/pages/press-archive-brush-on-block,https://cdn.shopify.com/s/files/1/0408/3481/files/Brush_on_Block_-_Makeup.com_July_2023_480x480.jpg?v=1691010037,Brush_on_Block_-_Makeup.com_July_2023_480x480.jpg,Brush On Brock - Makeup.com - How to Reapply Sunscreen When Wearing Makeup,Brush On Brock - Makeup.com - How to Reapply Sunscreen When Wearing Makeup,brush-on-block-brush-on-brock---makeupcom---how-to-reapply.jpg
https://brushonblock.com/pages/press-archive-brush-on-block,https://cdn.shopify.com/s/files/1/0408/3481/files/Brush_on_Block_-_Allure_-_July_2023_updated_480x480.jpg?v=1691001332,Brush_on_Block_-_Allure_-_July_2023_updated_480x480.jpg,Brush On Brock -Allure - Best Lip Balms with SPF to Protect Your Lips This Summer (and Beyond),Brush On Brock -Allure - Best Lip Balms with SPF to Protect Your Lips This Summer (and Beyond),brush-on-block-brush-on-brock--allure---best-lip-balms-with.jpg
https://brushonblock.com/pages/press-archive-brush-on-block,https://cdn.shopify.com/s/files/1/0408/3481/files/Brush_on_Block_-_PureWow_-_July_2023_ab71090a-eecf-471a-a8b3-06b52f4ae97a_480x480.jpg?v=1690389192,Brush_on_Block_-_PureWow_-_July_2023_ab71090a-eecf-471a-a8b3-06b52f4ae97a_480x480.jpg,Brush On Block - PureWow - Best Powder Sunscreens for Streak-Free UV Protection,Brush On Block - PureWow - Best Powder Sunscreens for Streak-Free UV Protection,brush-on-block---purewow---best-powder-sunscreens-for-streak-free-uv.jpg
https://brushonblock.com/pages/press-archive-brush-on-block,https://cdn.shopify.com/s/files/1/0408/3481/files/Brush_on_Block_-_Cowgirl_-_July_2023_480x480.jpg?v=1689189663,Brush_on_Block_-_Cowgirl_-_July_2023_480x480.jpg,Brush On Block - Cowgirl Magazine - Powdered Sunscreens For The Win,Brush On Block - Cowgirl Magazine - Powdered Sunscreens For The Win,brush-on-block---cowgirl-magazine---powdered-sunscreens-for-the-win.jpg
https://brushonblock.com/pages/press-archive-brush-on-block,https://cdn.shopify.com/s/files/1/0408/3481/files/Brush_on_Block_-_Fashionista_-_June_2023_480x480.jpg?v=1688690512,Brush_on_Block_-_Fashionista_-_June_2023_480x480.jpg,Brush On Block - Fashionista - SUNSCREEN YOU'LL ACTUALLY WANT TO REAPPLY EVERY 2 HOURS,Brush On Block - Fashionista - SUNSCREEN YOU'LL ACTUALLY WANT TO REAPPLY EVERY 2 HOURS,brush-on-block---fashionista---sunscreen-youll-actually-want-to-reapply.jpg
https://brushonblock.com/pages/press-archive-brush-on-block,https://cdn.shopify.com/s/files/1/0408/3481/files/Brush_on_Block_-_The_List_-_July_2023_89_480x480.png?v=1688690172,Brush_on_Block_-_The_List_-_July_2023_89_480x480.png,Brush On Block - The List - Never Transfer Sunscreen Into Travel-Sized Containers,Brush On Block - The List - Never Transfer Sunscreen Into Travel-Sized Containers,brush-on-block---the-list---never-transfer-sunscreen-into-travel-sized.png
https://brushonblock.com/pages/press-archive-brush-on-block,https://cdn.shopify.com/s/files/1/0408/3481/files/Brush_on_Block-Romper-June_2023_480x480.jpg?v=1686682074,Brush_on_Block-Romper-June_2023_480x480.jpg,Brush On Block - Romper - Sun Protection Hacks for Kids Who Hate Sunscreen,Brush On Block - Romper - Sun Protection Hacks for Kids Who Hate Sunscreen,brush-on-block---romper---sun-protection-hacks-for-kids-who.jpg
https://brushonblock.com/pages/press-archive-brush-on-block,https://cdn.shopify.com/s/files/1/0408/3481/files/Brush_on_Block_-_New_York_Post_-_June_2023_480x480.jpg?v=1688074390,Brush_on_Block_-_New_York_Post_-_June_2023_480x480.jpg,Brush On Block - New York Post - Best Sunscreens for Your Face,Brush On Block - New York Post - Best Sunscreens for Your Face,brush-on-block---new-york-post---best-sunscreens-for-your.jpg
https://brushonblock.com/pages/press-archive-brush-on-block,https://cdn.shopify.com/s/files/1/0408/3481/files/Brush_on_Block_-_Reflect_Beauty-_June_2023_480x480.jpg?v=1687933354,Brush_on_Block_-_Reflect_Beauty-_June_2023_480x480.jpg,Brush On Block - Reflect Beauty - Best Tinted Lip Balms With SPF to Protect and Enhance Your Pout,Brush On Block - Reflect Beauty - Best Tinted Lip Balms With SPF to Protect and Enhance Your Pout,brush-on-block---reflect-beauty---best-tinted-lip-balms-with.jpg
https://brushonblock.com/pages/press-archive-brush-on-block,https://cdn.shopify.com/s/files/1/0408/3481/files/Brush_On_Block_-_Makeup.com_-_June_2023_480x480.jpg?v=1687300316,Brush_On_Block_-_Makeup.com_-_June_2023_480x480.jpg,Brush On Block - Makeup.com - Is the SPF in My Makeup Enough to Protect My Skin,Brush On Block - Makeup.com - Is the SPF in My Makeup Enough to Protect My Skin,brush-on-block---makeupcom---is-the-spf-in-my-makeup.jpg
https://brushonblock.com/pages/press-archive-brush-on-block,https://cdn.shopify.com/s/files/1/0408/3481/files/Brush_on_Block_-Well_Good-_June_2023_480x480.jpg?v=1686682324,Brush_on_Block_-Well_Good-_June_2023_480x480.jpg,Brush On Block - Good + Well - Scalp sunscreens that deserve a spot in your beach bag,Brush On Block - Good + Well - Scalp sunscreens that deserve a spot in your beach bag,brush-on-block---good-well---scalp-sunscreens-that-deserve-a.jpg
https://brushonblock.com/pages/press-archive-brush-on-block,https://cdn.shopify.com/s/files/1/0408/3481/files/Brush_on_Block_-_Ipsy_-_June_2023_480x480.jpg?v=1686682549,Brush_on_Block_-_Ipsy_-_June_2023_480x480.jpg,Brush On Block - Ipsy - Best Sunscreens for Oily Skin That Will Leave You Protected (Not Greasy!),Brush On Block - Ipsy - Best Sunscreens for Oily Skin That Will Leave You Protected (Not Greasy!),brush-on-block---ipsy---best-sunscreens-for-oily-skin-that.jpg
https://brushonblock.com/pages/press-archive-brush-on-block,https://cdn.shopify.com/s/files/1/0408/3481/files/Brush_on_Block_-_Ipsy_-2-_June_2023_480x480.jpg?v=1686682777,Brush_on_Block_-_Ipsy_-2-_June_2023_480x480.jpg,Brush On Block - Ipsy - How to Apply Sunscreen for the Best Possible Protection,Brush On Block - Ipsy - How to Apply Sunscreen for the Best Possible Protection,brush-on-block---ipsy---how-to-apply-sunscreen-for-the.jpg
https://brushonblock.com/pages/press-archive-brush-on-block,https://cdn.shopify.com/s/files/1/0408/3481/files/Brush_on_Block-GQ-June-2023_480x480.jpg?v=1686246893,Brush_on_Block-GQ-June-2023_480x480.jpg,Brush On Block - GQ - Powder Sunscreen Is the Quick Easy SPF Solution,Brush On Block - GQ - Powder Sunscreen Is the Quick Easy SPF Solution,brush-on-block---gq---powder-sunscreen-is-the-quick-easy.jpg
https://brushonblock.com/pages/press-archive-brush-on-block,https://cdn.shopify.com/s/files/1/0408/3481/files/Brush_on_Block-_Glamour-June-2023_480x480.jpg?v=1686246266,Brush_on_Block-_Glamour-June-2023_480x480.jpg,Brush On Block - Glamour - Best Mineral Sunscreen That Won’t Leave a White Cast,Brush On Block - Glamour - Best Mineral Sunscreen That Won’t Leave a White Cast,brush-on-block---glamour---best-mineral-sunscreen-that-wont-leave.jpg
https://brushonblock.com/pages/press-archive-brush-on-block,https://cdn.shopify.com/s/files/1/0408/3481/files/Brush_On_Block-_NBC_Select-May_2023_480x480.png?v=1685681434,Brush_On_Block-_NBC_Select-May_2023_480x480.png,"Brush On Block - NBC Select - best sunscreens for sensitive skin, according to dermatologists","Brush On Block - NBC Select - best sunscreens for sensitive skin, according to dermatologists",brush-on-block---nbc-select---best-sunscreens-for-sensitive-skin.png
https://brushonblock.com/pages/press-archive-brush-on-block,https://cdn.shopify.com/s/files/1/0408/3481/files/Brush_On_Block_-_Glamour_-_May_2023_480x480.png?v=1685681082,Brush_On_Block_-_Glamour_-_May_2023_480x480.png,"Brush On Block - Glamour - Body Sunscreens, According to Dermatologists","Brush On Block - Glamour - Body Sunscreens, According to Dermatologists",brush-on-block---glamour---body-sunscreens-according-to-dermatologists.png
https://brushonblock.com/pages/press-archive-brush-on-block,https://cdn.shopify.com/s/files/1/0408/3481/files/Brush_on_Block-CNET-May2023_480x480.jpg?v=1684871089,Brush_on_Block-CNET-May2023_480x480.jpg,Brush On Block - CNET - Best Mineral Sunscreens Tested on Sensitive Skin,Brush On Block - CNET - Best Mineral Sunscreens Tested on Sensitive Skin,brush-on-block---cnet---best-mineral-sunscreens-tested-on-sensitive.jpg
https://brushonblock.com/pages/press-archive-brush-on-block,https://cdn.shopify.com/s/files/1/0408/3481/files/Brush_On_Block_-_MindBodyGreen_-May_2023_480x480.jpg?v=1683672465,Brush_On_Block_-_MindBodyGreen_-May_2023_480x480.jpg,Brush On Block - Mind Body Green - Ways To Brighten Melasma & Dark Spots,Brush On Block - Mind Body Green - Ways To Brighten Melasma & Dark Spots,brush-on-block---mind-body-green---ways-to-brighten-melasma.jpg
https://brushonblock.com/pages/press-archive-brush-on-block,https://cdn.shopify.com/s/files/1/0408/3481/files/Brush_on_Block-CNET-May-2023_480x480.jpg?v=1683613245,Brush_on_Block-CNET-May-2023_480x480.jpg,Brush On Block - CNET - Best Face Sunscreens of 2023,Brush On Block - CNET - Best Face Sunscreens of 2023,brush-on-block---cnet---best-face-sunscreens-of-2023.jpg
https://brushonblock.com/pages/press-archive-brush-on-block,https://cdn.shopify.com/s/files/1/0408/3481/files/Brush-on-Block-RealSelf-may-23_480x480.jpg?v=1683180362,Brush-on-Block-RealSelf-may-23_480x480.jpg,"Brush On Block - RealSelf - Best Drugstore Acne Treatments, According to a Derm","Brush On Block - RealSelf - Best Drugstore Acne Treatments, According to a Derm",brush-on-block---realself---best-drugstore-acne-treatments-according-to.jpg
https://brushonblock.com/pages/press-archive-brush-on-block,https://cdn.shopify.com/s/files/1/0408/3481/files/Brush_On_Block_-_Bustle_-_April_2023_480x480.jpg?v=1683049199,Brush_On_Block_-_Bustle_-_April_2023_480x480.jpg,"Brush On Block - Bustle - Bustle - Best Sunscreens To Use With Tretinoin, According To A Dermatologist","Brush On Block - Bustle - Bustle - Best Sunscreens To Use With Tretinoin, According To A Dermatologist",brush-on-block---bustle---bustle---best-sunscreens-to-use.jpg
https://brushonblock.com/pages/press-archive-brush-on-block,https://cdn.shopify.com/s/files/1/0408/3481/files/Brush_on_Block_OprahDaily.com-April_2023_786ab76c-1940-4c9a-986c-22bdb24fd99a_480x480.jpg?v=1682489869,Brush_on_Block_OprahDaily.com-April_2023_786ab76c-1940-4c9a-986c-22bdb24fd99a_480x480.jpg,Brush On Block - Oprah Daily - Face Sunscreens for Every Skin Type and Tone,Brush On Block - Oprah Daily - Face Sunscreens for Every Skin Type and Tone,brush-on-block---oprah-daily---face-sunscreens-for-every-skin.jpg
https://brushonblock.com/pages/press-archive-brush-on-block,https://cdn.shopify.com/s/files/1/0408/3481/files/Brush_on_Block-Refinery-April-2023_cdf4d934-55c8-46a4-89ff-595543871b25_480x480.jpg?v=1682489356,Brush_on_Block-Refinery-April-2023_cdf4d934-55c8-46a4-89ff-595543871b25_480x480.jpg,Brush On Block - Refinery29 - Black Women Share The Sunscreens They Actually Wear Every Day,Brush On Block - Refinery29 - Black Women Share The Sunscreens They Actually Wear Every Day,brush-on-block---refinery29---black-women-share-the-sunscreens-they.jpg
https://brushonblock.com/pages/press-archive-brush-on-block,https://cdn.shopify.com/s/files/1/0408/3481/files/Brush_on_Block-_Mane_Addicts_April_2023_480x480.jpg?v=1682488625,Brush_on_Block-_Mane_Addicts_April_2023_480x480.jpg,Brush On Block - Mane Addicts - Best Scalp Sunscreens,Brush On Block - Mane Addicts - Best Scalp Sunscreens,brush-on-block---mane-addicts---best-scalp-sunscreens.jpg
https://brushonblock.com/pages/press-archive-brush-on-block,https://cdn.shopify.com/s/files/1/0408/3481/files/Brush-On-Block-MindBodyGreen-April-2023_480x480.jpg?v=1682443975,Brush-On-Block-MindBodyGreen-April-2023_480x480.jpg,Brush On Block - Mind Body Green - Best Scalp Sunscreen,Brush On Block - Mind Body Green - Best Scalp Sunscreen,brush-on-block---mind-body-green---best-scalp-sunscreen.jpg
https://brushonblock.com/pages/press-archive-brush-on-block,https://cdn.shopify.com/s/files/1/0408/3481/files/Brush_on_Block_Makeup.com_April_2003_480x480.jpg?v=1681277400,Brush_on_Block_Makeup.com_April_2003_480x480.jpg,Brush On Block - Makeup.com - How to Wear Sunscreen Under Foundation,Brush On Block - Makeup.com - How to Wear Sunscreen Under Foundation,brush-on-block---makeupcom---how-to-wear-sunscreen-under-foundation.jpg
https://brushonblock.com/pages/press-archive-brush-on-block,https://cdn.shopify.com/s/files/1/0408/3481/files/Brush_on_Block_POPSUGAR_April_2023_480x480.jpg?v=1681277401,Brush_on_Block_POPSUGAR_April_2023_480x480.jpg,Brush On Block - Pop Sugar - Refillable Beauty Products to Help You Live More Sustainably,Brush On Block - Pop Sugar - Refillable Beauty Products to Help You Live More Sustainably,brush-on-block---pop-sugar---refillable-beauty-products-to-help.jpg
https://brushonblock.com/pages/press-archive-brush-on-block,https://cdn.shopify.com/s/files/1/0408/3481/files/Brush_on_Block-InStyle-April-2023_480x480.jpg?v=1680888133,Brush_on_Block-InStyle-April-2023_480x480.jpg,Brush On Block - In Style - SPF for Your Scalp,Brush On Block - In Style - SPF for Your Scalp,brush-on-block---in-style---spf-for-your-scalp.jpg
https://brushonblock.com/pages/press-archive-brush-on-block,https://cdn.shopify.com/s/files/1/0408/3481/files/Brush_on_Block-_Elite_Daily-April-2023_f78cd220-26bd-43e1-bd1c-fdcd65f5e6c3_480x480.jpg?v=1680640038,Brush_on_Block-_Elite_Daily-April-2023_f78cd220-26bd-43e1-bd1c-fdcd65f5e6c3_480x480.jpg,Brush On Block - Elite Daily - Best Sunscreens To Reapply Over Makeup,Brush On Block - Elite Daily - Best Sunscreens To Reapply Over Makeup,brush-on-block---elite-daily---best-sunscreens-to-reapply-over.jpg
https://brushonblock.com/pages/press-archive-brush-on-block,https://cdn.shopify.com/s/files/1/0408/3481/files/Brush_on_Block_CNN_Underscored_480x480.jpg?v=1680639412,Brush_on_Block_CNN_Underscored_480x480.jpg,Brush On Block — CNN Underscored — Travel-sized toiletries,Brush On Block — CNN Underscored — Travel-sized toiletries,brush-on-block-cnn-underscored-travel-sized-toiletries.jpg
https://brushonblock.com/pages/press-archive-brush-on-block,https://cdn.shopify.com/s/files/1/0408/3481/files/Brush_on_Block-Allure-March-2023_480x480.jpg?v=1680196098,Brush_on_Block-Allure-March-2023_480x480.jpg,Brush On Block - Allure - Best Blue Light Skin-Care Products to Guard Against Tech Screens,Brush On Block - Allure - Best Blue Light Skin-Care Products to Guard Against Tech Screens,brush-on-block---allure---best-blue-light-skin-care-products-to.jpg
https://brushonblock.com/pages/press-archive-brush-on-block,https://cdn.shopify.com/s/files/1/0408/3481/files/Brush_on_Block_Martha_Stewart_480x480.jpg?v=1678220796,Brush_on_Block_Martha_Stewart_480x480.jpg,"Marta Stewart - Brush On Block - 8 Powder Sunscreens That Make Reapplying Easy, According to Dermatologists","Marta Stewart - Brush On Block - 8 Powder Sunscreens That Make Reapplying Easy, According to Dermatologists",brush-on-block-marta-stewart-----8-powder-sunscreens-that-make.jpg
https://brushonblock.com/pages/press-archive-brush-on-block,https://cdn.shopify.com/s/files/1/0408/3481/files/Brush_on_Block_Best_Products_480x480.jpg?v=1676659779,Brush_on_Block_Best_Products_480x480.jpg,Best Products - Brush On Block- Best Sunscreen to Save from Sunburn & Wrinkles,Best Products - Brush On Block- Best Sunscreen to Save from Sunburn & Wrinkles,brush-on-block-best-products-----best-sunscreen-to-save-from.jpg
https://brushonblock.com/pages/press-archive-brush-on-block,https://cdn.shopify.com/s/files/1/0408/3481/files/Brush_on_Block_Elite_Daily_755d4cc7-55d2-4f9b-a297-ad3aa8eaa329_480x480.jpg?v=1675725103,Brush_on_Block_Elite_Daily_755d4cc7-55d2-4f9b-a297-ad3aa8eaa329_480x480.jpg,Elite Daily - Brush On Block - Best Sunscreen According to a Derm,Elite Daily - Brush On Block - Best Sunscreen According to a Derm,brush-on-block-elite-daily-----best-sunscreen-according-to-a.jpg
https://brushonblock.com/pages/press-archive-brush-on-block,https://cdn.shopify.com/s/files/1/0408/3481/files/Brush_on_Block_Women_sHealth.com_480x480.jpg?v=1675112147,Brush_on_Block_Women_sHealth.com_480x480.jpg,Women's Health - Brush On Block - Best Refillable Beauty Products,Women's Health - Brush On Block - Best Refillable Beauty Products,brush-on-block-womens-health-----best-refillable-beauty-products.jpg
https://brushonblock.com/pages/press-archive-brush-on-block,https://cdn.shopify.com/s/files/1/0408/3481/files/Brush_on_Block_The_List_480x480.jpg?v=1675112257,Brush_on_Block_The_List_480x480.jpg,The List - Brush On Block - Protect Scalp from Sunburn,The List - Brush On Block - Protect Scalp from Sunburn,brush-on-block-the-list-----protect-scalp-from-sunburn.jpg
https://brushonblock.com/pages/press-archive-brush-on-block,https://cdn.shopify.com/s/files/1/0408/3481/files/Brush-on-Block-Camille-Styles-Oct-2022_480x480.jpg?v=1665815938,Brush-on-Block-Camille-Styles-Oct-2022_480x480.jpg,Camille Styles - Flare-Ups Be Gone - Brush On Block,Camille Styles - Flare-Ups Be Gone - Brush On Block,brush-on-block-camille-styles---flare-ups-be-gone--.jpg
https://brushonblock.com/pages/press-archive-brush-on-block,https://cdn.shopify.com/s/files/1/0408/3481/files/Brush-on-Block-People-9-22_480x480.jpg?v=1662742666,Brush-on-Block-People-9-22_480x480.jpg,"People, Brush On Block, September 2022","People, Brush On Block, September 2022",brush-on-block-people-september-2022.jpg
https://brushonblock.com/pages/press-archive-brush-on-block,https://cdn.shopify.com/s/files/1/0408/3481/files/Brush-on-Block-_In-Pickleball-9-22_480x480.jpg?v=1662743172,Brush-on-Block-_In-Pickleball-9-22_480x480.jpg,InPickleball - The Pickler's Guide to Sun Care - August 2022,InPickleball - The Pickler's Guide to Sun Care - August 2022,brush-on-block-inpickleball---the-picklers-guide-to-sun-care--.jpg
https://brushonblock.com/pages/press-archive-brush-on-block,https://cdn.shopify.com/s/files/1/0408/3481/files/Reader_s_Digest_August_2022_99760d57-1ee5-40d6-80bc-a4a259cbcaac_480x480.png?v=1661287262,Reader_s_Digest_August_2022_99760d57-1ee5-40d6-80bc-a4a259cbcaac_480x480.png,"Readers Digest, 2022, Brush On Block, August 2022","Readers Digest, 2022, Brush On Block, August 2022",brush-on-block-readers-digest-2022-august-2022.png
https://brushonblock.com/pages/press-archive-brush-on-block,https://cdn.shopify.com/s/files/1/0408/3481/files/Skincare_Edit_August_2022_480x480.jpg?v=1661286234,Skincare_Edit_August_2022_480x480.jpg,"Power Sunscreen, SkinCare Edit, August 2022, Brush On Block, Translucent, Touch of Tan","Power Sunscreen, SkinCare Edit, August 2022, Brush On Block, Translucent, Touch of Tan",brush-on-block-power-sunscreen-skincare-edit-august-2022-translucent-touch-of.jpg
https://brushonblock.com/pages/press-archive-brush-on-block,https://cdn.shopify.com/s/files/1/0408/3481/files/new_NBC_Select_translucent_august_2022_480x480.png?v=1661284813,new_NBC_Select_translucent_august_2022_480x480.png,"NBC Select, Brush On Block, August 2022, Powder sunscreen","NBC Select, Brush On Block, August 2022, Powder sunscreen",brush-on-block-nbc-select-august-2022-powder-sunscreen.png
https://brushonblock.com/pages/press-archive-brush-on-block,https://cdn.shopify.com/s/files/1/0408/3481/files/new_NBC_Select_BOB_kids_August_2022_94b91b56-67b1-4748-b6bc-ebf3aa7459f1_480x480.png?v=1661285302,new_NBC_Select_BOB_kids_August_2022_94b91b56-67b1-4748-b6bc-ebf3aa7459f1_480x480.png,"NBC Select, Brush On Block, August 2022, Kids sunscreen","NBC Select, Brush On Block, August 2022, Kids sunscreen",brush-on-block-nbc-select-august-2022-kids-sunscreen.png
https://brushonblock.com/pages/press-archive-brush-on-block,https://cdn.shopify.com/s/files/1/0408/3481/files/NBC_Select_August_2022_480x480.png?v=1660671787,NBC_Select_August_2022_480x480.png,"NBC Select, Brush On Block, August 2022, Kids sunscreen","NBC Select, Brush On Block, August 2022, Kids sunscreen",brush-on-block-nbc-select-august-2022-kids-sunscreen.png
https://brushonblock.com/pages/press-archive-brush-on-block,https://cdn.shopify.com/s/files/1/0408/3481/files/Readers_Digest_Brush_On_Block_august_2022_480x480.png?v=1660670964,Readers_Digest_Brush_On_Block_august_2022_480x480.png,"Readers Digest, 2022, Brush On Block, August","Readers Digest, 2022, Brush On Block, August",brush-on-block-readers-digest-2022-august.png
https://brushonblock.com/pages/press-archive-brush-on-block,https://cdn.shopify.com/s/files/1/0408/3481/files/Womens_Health_JULY_2022_from_PR_7a266984-8ec7-4907-95a6-30a28d492d6e_480x480.png?v=1659037915,Womens_Health_JULY_2022_from_PR_7a266984-8ec7-4907-95a6-30a28d492d6e_480x480.png,,,brush-on-block-press-archive.png
https://brushonblock.com/pages/press-archive-brush-on-block,https://cdn.shopify.com/s/files/1/0408/3481/files/GQ_July_2022_480x480.png?v=1658862884,GQ_July_2022_480x480.png,"GQ, July 2022, Brush On Block, Sunscreen for hairy men","GQ, July 2022, Brush On Block, Sunscreen for hairy men",brush-on-block-gq-july-2022-sunscreen-for-hairy-men.png
https://brushonblock.com/pages/press-archive-brush-on-block,https://cdn.shopify.com/s/files/1/0408/3481/files/Best_Products_Mid_July_2022_395ea3eb-d673-4d1a-8a9d-4175ce8f25d1_480x480.png?v=1658252083,Best_Products_Mid_July_2022_395ea3eb-d673-4d1a-8a9d-4175ce8f25d1_480x480.png,"Best Products, July 2022, Brush On Block","Best Products, July 2022, Brush On Block",brush-on-block-best-products-july-2022.png
https://brushonblock.com/pages/press-archive-brush-on-block,https://cdn.shopify.com/s/files/1/0408/3481/files/Elle_July_2022_bd1147c4-5c3c-4d72-b3b7-47699b92de70_480x480.png?v=1658250087,Elle_July_2022_bd1147c4-5c3c-4d72-b3b7-47699b92de70_480x480.png,"Elle, Brush On Block, July 2022, Powder sunscreen","Elle, Brush On Block, July 2022, Powder sunscreen",brush-on-block-elle-july-2022-powder-sunscreen.png
https://brushonblock.com/pages/press-archive-brush-on-block,https://cdn.shopify.com/s/files/1/0408/3481/files/Style_Democracy_July_2022_480x480.png?v=1658249073,Style_Democracy_July_2022_480x480.png,"StyleDemocracy, July 2022, Brush On Block","StyleDemocracy, July 2022, Brush On Block",brush-on-block-styledemocracy-july-2022.png
https://brushonblock.com/pages/press-archive-brush-on-block,https://cdn.shopify.com/s/files/1/0408/3481/files/InStyle_July_2022_480x480.png?v=1658248851,InStyle_July_2022_480x480.png,"InStyle, Brush On Block, Touch of Tan, Tinted Sunscreens","InStyle, Brush On Block, Touch of Tan, Tinted Sunscreens",brush-on-block-instyle-touch-of-tan-tinted-sunscreens.png
https://brushonblock.com/pages/press-archive-brush-on-block,https://cdn.shopify.com/s/files/1/0408/3481/files/Redbook_july_2022_d6b3f04a-19c2-4a1e-bfa2-ebd6931145a2_480x480.png?v=1657133004,Redbook_july_2022_d6b3f04a-19c2-4a1e-bfa2-ebd6931145a2_480x480.png,"SPF lipbalm, brush on block, july 2022","SPF lipbalm, brush on block, july 2022",brush-on-block-spf-lipbalm-july-2022.png
https://brushonblock.com/pages/press-archive-brush-on-block,https://cdn.shopify.com/s/files/1/0408/3481/files/CNN_Underscored_Brush_on_Block_-_20_products_our_readers_love_in_June_480x480.png?v=1657132595,CNN_Underscored_Brush_on_Block_-_20_products_our_readers_love_in_June_480x480.png,"Brush On Block, Summer 2022, Amazon","Brush On Block, Summer 2022, Amazon",brush-on-block-summer-2022-amazon.png
https://brushonblock.com/pages/press-archive-brush-on-block,https://cdn.shopify.com/s/files/1/0408/3481/files/CNN_Underscored_June_2022_fff9a368-77c7-4c45-a449-39a0a3684e59_480x480.png?v=1655841058,CNN_Underscored_June_2022_fff9a368-77c7-4c45-a449-39a0a3684e59_480x480.png,"CNN Underscored, Best sunscreens according to dermatologists, June 2022","CNN Underscored, Best sunscreens according to dermatologists, June 2022",brush-on-block-cnn-underscored-best-sunscreens-according-to-dermatologists-june-2022.png
https://brushonblock.com/pages/press-archive-brush-on-block,https://cdn.shopify.com/s/files/1/0408/3481/files/CNN_underscored_Late_June_2022_480x480.png?v=1656620108,CNN_underscored_Late_June_2022_480x480.png,"CNN underscored, Brush On Block, travel sunscreen","CNN underscored, Brush On Block, travel sunscreen",brush-on-block-cnn-underscored-travel-sunscreen.png
https://brushonblock.com/pages/press-archive-brush-on-block,https://cdn.shopify.com/s/files/1/0408/3481/files/Clean_Eating_june_2022_480x480.png?v=1656356824,Clean_Eating_june_2022_480x480.png,"Clean Eating, June 2022, Brush On Block reef-safe sunscreens","Clean Eating, June 2022, Brush On Block reef-safe sunscreens",brush-on-block-clean-eating-june-2022-reef-safe-sunscreens.png
https://brushonblock.com/pages/press-archive-brush-on-block,https://cdn.shopify.com/s/files/1/0408/3481/files/Best_Products_Brush_on_Block_Late_June_2022_480x480.png?v=1656356215,Best_Products_Brush_on_Block_Late_June_2022_480x480.png,"Best products, June 2022, doctor recommended, acne sunscreen, Brush On Block","Best products, June 2022, doctor recommended, acne sunscreen, Brush On Block",brush-on-block-best-products-june-2022-doctor-recommended-acne-sunscreen.png
https://brushonblock.com/pages/press-archive-brush-on-block,https://cdn.shopify.com/s/files/1/0408/3481/files/Prevention_June_2022_480x480.png?v=1655840584,Prevention_June_2022_480x480.png,"Prevention, Brush On Block, June 2022, best sunscreens","Prevention, Brush On Block, June 2022, best sunscreens",brush-on-block-prevention-june-2022-best-sunscreens.png
https://brushonblock.com/pages/press-archive-brush-on-block,https://cdn.shopify.com/s/files/1/0408/3481/files/NBC_select_June_2022_1_60dc9269-2ad8-48bf-9894-c171d0afc879_480x480.jpg?v=1655417200,NBC_select_June_2022_1_60dc9269-2ad8-48bf-9894-c171d0afc879_480x480.jpg,"Brush On Block, sunscreens for acne prone skin, June 2022","Brush On Block, sunscreens for acne prone skin, June 2022",brush-on-block-sunscreens-for-acne-prone-skin-june-2022.jpg
https://brushonblock.com/pages/press-archive-brush-on-block,https://cdn.shopify.com/s/files/1/0408/3481/files/Best_Products_Brush_On_Block_june_2022_powder_b47dc272-e2ae-4ef6-9b76-03c4c0f2bbec_480x480.png?v=1655409143,Best_Products_Brush_On_Block_june_2022_powder_b47dc272-e2ae-4ef6-9b76-03c4c0f2bbec_480x480.png,"Brush On Block, sun protection, June 2022, sunscreens for oily skin, mattifying sunscreen","Brush On Block, sun protection, June 2022, sunscreens for oily skin, mattifying sunscreen",brush-on-block-sun-protection-june-2022-sunscreens-for-oily-skin-mattifying.png
https://brushonblock.com/pages/press-archive-brush-on-block,https://cdn.shopify.com/s/files/1/0408/3481/files/Best_Products_Brush_on_Block_June_2022_7a679b04-78b3-4811-9941-23aeacf7a2bc_480x480.png?v=1655409263,Best_Products_Brush_on_Block_June_2022_7a679b04-78b3-4811-9941-23aeacf7a2bc_480x480.png,,,brush-on-block-press-archive.png
https://brushonblock.com/pages/press-archive-brush-on-block,https://cdn.shopify.com/s/files/1/0408/3481/files/AEDIT_june_2022_480x480.png?v=1655400129,AEDIT_june_2022_480x480.png,"Aedit, Brush On Block, June 2022, acne prone skin, oily skin","Aedit, Brush On Block, June 2022, acne prone skin, oily skin",brush-on-block-aedit-june-2022-acne-prone-skin-oily-skin.png
https://brushonblock.com/pages/press-archive-brush-on-block,https://cdn.shopify.com/s/files/1/0408/3481/files/BOB_on_Bobbie_s_Best_May_30th_2e23d909-bb32-44d2-a3bb-6a37ac2e9d66_480x480.png?v=1657052162,BOB_on_Bobbie_s_Best_May_30th_2e23d909-bb32-44d2-a3bb-6a37ac2e9d66_480x480.png,"Bobbie's Best, Today Show, May 2022, Spring, Best summer sunscreen, Brush On Block","Bobbie's Best, Today Show, May 2022, Spring, Best summer sunscreen, Brush On Block",brush-on-block-bobbies-best-today-show-may-2022-spring-best-summer.png
https://brushonblock.com/pages/press-archive-brush-on-block,https://cdn.shopify.com/s/files/1/0408/3481/files/BOB_logo_horiz_2022_SVG_1_1.svg?v=1735851501,BOB_logo_horiz_2022_SVG_1_1.svg,Brush on Block,Brush on Block,brush-on-block-press-archive-brush-on-block.svg
https://brushonblock.com/pages/press-archive-brush-on-block,https://cdn.shopify.com/s/files/1/0408/3481/files/logo-women-owned.png?v=1737571169,logo-women-owned.png,Women Owned,Women Owned,brush-on-block-women-owned.png
https://brushonblock.com/pages/press-archive-brush-on-block,https://cdn.shopify.com/s/files/1/0408/3481/files/logo-peta.png?v=1737571169,logo-peta.png,Peta,Brush On Block logo,brush-on-block-logo.png
