page_url,image_url,current_filename,suggested_filename,current_alt,suggested_alt
https://brushonblock.com/,https://brushonblock.com/cdn/shop/files/TOT_refill_mobile.jpg?v=1728400923&width=3000,TOT_refill_mobile.jpg,brush-on-block-touch-of-tan-refill-pods-mobile.jpg,,Hand holding Brush On Block Touch of Tan refill pod.
https://brushonblock.com/,https://brushonblock.com/cdn/shop/files/peony-mobile.jpg?v=1728401612&width=3000,peony-mobile.jpg,brush-on-block-peony-shade-lip-oil-application-mobile.jpg,,Woman applying Peony shade Sun Shine SPF 30 lip oil.
https://brushonblock.com/,https://brushonblock.com/cdn/shop/files/spray_DT.jpg?v=1728401011&width=3000,spray_DT.jpg,brush-on-block-mineral-sunscreen-spray-mom-and-baby-desktop.jpg,,Mother spraying mineral sunscreen on smiling toddler.
https://brushonblock.com/,https://brushonblock.com/cdn/shop/files/spray_mobile.jpg?v=1728400999&width=3000,spray_mobile.jpg,brush-on-block-mineral-sunscreen-spray-mom-and-baby-mobile.jpg,,Mother spraying mineral sunscreen on smiling toddler.
https://brushonblock.com/,https://brushonblock.com/cdn/shop/files/image_5.jpg?v=1737153781&width=3000,image_5.jpg,brush-on-block-lifestyle-kayaking-sun-protection-lake.jpg,,Man kayaking on a lake at sunset.
https://brushonblock.com/,https://brushonblock.com/cdn/shop/files/refill_triptych_2.jpg?v=1741131779&width=1500,refill_triptych_2.jpg,brush-on-block-touch-of-tan-refill-pods-triptych.jpg,,Touch of Tan mineral powder brush with refill pods.
https://brushonblock.com/,https://brushonblock.com/cdn/shop/files/sheer_genius_810b07a6-f5f2-413b-91a5-3735fc29c8e9.png?v=1737245212&width=1500,sheer_genius_810b07a6-f5f2-413b-91a5-3735fc29c8e9.png,brush-on-block-sheer-genius-spf-50-mineral-sunscreen-moisture.png,,Sheer Genius SPF 50 Mineral Sunscreen + Moisture tube.
https://brushonblock.com/,https://cdn.shopify.com/s/files/1/0408/3481/files/star_star_star_star_star.svg?v=1735844394,star_star_star_star_star.svg,five-star-rating.svg,,"" (decorative; use empty alt).
https://brushonblock.com/,https://cdn.shopify.com/s/files/1/0408/3481/files/BOB_logo_horiz_2022_SVG_1_1.svg?v=1734291565,BOB_logo_horiz_2022_SVG_1_1.svg,brush-on-block-logo-horizontal.svg,,Brush On Block logo.
https://brushonblock.com/products/brush-on-block-spf-30-translucent-mineral-powder,https://brushonblock.com/cdn/shop/files/spf30_min_pwdr_prod1.jpg?v=1738438858&width=3000,spf30_min_pwdr_prod1.jpg,brush-on-block-spf-30-translucent-mineral-powder-sunscreen-brush.jpg,Brush On Block SPF 30 Translucent Mineral Powder Sunscreen,Brush On Block SPF 30 translucent mineral powder sunscreen brush.
https://brushonblock.com/products/brush-on-block-spf-30-translucent-mineral-powder,https://brushonblock.com/cdn/shop/files/spf30_min_pwdr_model1.jpg?v=1738439071&width=3000,spf30_min_pwdr_model1.jpg,brush-on-block-spf-30-application-model-1.jpg,Brush On Block SPF 30 Translucent - Model 1,Woman applying Brush On Block SPF 30 mineral powder to face.
https://brushonblock.com/products/brush-on-block-spf-30-translucent-mineral-powder,https://brushonblock.com/cdn/shop/files/spf30_min_pwdr_model_2.jpg?v=1738439101&width=3000,spf30_min_pwdr_model_2.jpg,brush-on-block-spf-30-application-model-2.jpg,Brush On Block SPF 30 Translucent - Model - 2,Man applying Brush On Block SPF 30 mineral powder to temple.
https://brushonblock.com/products/brush-on-block-spf-30-translucent-mineral-powder,https://brushonblock.com/cdn/shop/files/spf30_min_pwdr_prod2_817e4121-9851-477f-be16-4b3e66843142.jpg?v=1737246280&width=3000,spf30_min_pwdr_prod2_817e4121-9851-477f-be16-4b3e66843142.jpg,brush-on-block-spf-30-translucent-mineral-powder-open-and-closed.jpg,Brush On Block SPF 30 - Open | Close,Brush On Block SPF 30 translucent powder brush shown open and closed.
https://brushonblock.com/products/brush-on-block-spf-30-translucent-mineral-powder,https://brushonblock.com/cdn/shop/files/spf-30-translucent-powder-spill.jpg?v=1736295741&width=3000,spf-30-translucent-powder-spill.jpg,brush-on-block-spf-30-translucent-powder-spill.jpg,Brush On Block SPF 30 Translucent - Powder,Brush On Block SPF 30 translucent powder product spill.
https://brushonblock.com/products/brush-on-block-spf-30-translucent-mineral-powder,https://brushonblock.com/cdn/shop/files/Zinc_Oxide.jpg?v=1736294928&width=1500,Zinc_Oxide.jpg,brush-on-block-ingredient-zinc-oxide.jpg,Zinc Oxide,Zinc oxide mineral ingredient.
https://brushonblock.com/products/brush-on-block-spf-30-translucent-mineral-powder,https://brushonblock.com/cdn/shop/files/niacinimide.jpg?v=1736294943&width=1500,niacinimide.jpg,brush-on-block-ingredient-niacinamide.jpg,Niacinimide,Niacinamide (vitamin B3) skincare ingredient.
https://brushonblock.com/products/brush-on-block-spf-30-translucent-mineral-powder,https://brushonblock.com/cdn/shop/files/Hyaluronic_Acid.jpg?v=1736295079&width=1500,Hyaluronic_Acid.jpg,brush-on-block-ingredient-hyaluronic-acid.jpg,Hyaluronic Acid,Hyaluronic acid hydrating ingredient.
https://brushonblock.com/products/brush-on-block-spf-30-translucent-mineral-powder,https://brushonblock.com/cdn/shop/files/vitamin_c.jpg?v=1736295135&width=1500,vitamin_c.jpg,brush-on-block-ingredient-vitamin-c.jpg,Vitamin C,Vitamin C antioxidant ingredient.
https://brushonblock.com/products/brush-on-block-spf-30-translucent-mineral-powder,https://brushonblock.com/cdn/shop/files/SPF_30_lower_2.jpg?v=1736293282&width=1500,SPF_30_lower_2.jpg,brush-on-block-spf-30-application-neck.jpg,Applying Brush On Block SPF 30,Applying Brush On Block SPF 30 to neck.
https://brushonblock.com/products/brush-on-block-spf-30-translucent-mineral-powder,https://brushonblock.com/cdn/shop/files/SPF_30_lower_3.jpg?v=1736293314&width=1500,SPF_30_lower_3.jpg,brush-on-block-spf-30-application-forehead.jpg,,Applying Brush On Block SPF 30 to forehead.
https://brushonblock.com/products/brush-on-block-spf-30-translucent-mineral-powder,https://brushonblock.com/cdn/shop/files/SPF_30_lower_4.jpg?v=1736293347&width=1500,SPF_30_lower_4.jpg,brush-on-block-spf-30-application-cheeks.jpg,,Applying Brush On Block SPF 30 to cheeks.
https://brushonblock.com/products/brush-on-block-spf-50-translucent-mineral-powder,https://brushonblock.com/cdn/shop/files/spf50_min_pwdr_prod1.jpg?v=1734649801&width=1500,spf50_min_pwdr_prod1.jpg,brush-on-block-spf-50-translucent-mineral-powder-sunscreen-brush.jpg,Brush On Block SPF 50 Translucent Mineral Powder Sunscreen,Brush On Block SPF 50 translucent mineral powder sunscreen brush.
https://brushonblock.com/products/brush-on-block-spf-50-translucent-mineral-powder,https://brushonblock.com/cdn/shop/files/spf50_min_pwdr_model1.jpg?v=1736295301&width=1500,spf50_min_pwdr_model1.jpg,brush-on-block-spf-50-application-model-1.jpg,Brush On Block SPF 50 Translucent - Model 1,Woman applying Brush On Block SPF 50 mineral powder to face.
https://brushonblock.com/products/brush-on-block-spf-50-translucent-mineral-powder,https://brushonblock.com/cdn/shop/files/spf50_min_pwdr_model2.jpg?v=1736295278&width=1500,spf50_min_pwdr_model2.jpg,brush-on-block-spf-50-application-model-2.jpg,Brush On Block SPF 50 Translucent - Model 2,Woman applying Brush On Block SPF 50 mineral powder to forehead.
https://brushonblock.com/products/brush-on-block-spf-50-translucent-mineral-powder,https://brushonblock.com/cdn/shop/files/SPF_50_spill.jpg?v=1725823922&width=1500,SPF_50_spill.jpg,brush-on-block-spf-50-powder-spill.jpg,Brush On Block SPF 50 - Powder,Brush On Block SPF 50 translucent powder product spill.
https://brushonblock.com/products/brush-on-block-spf-50-translucent-mineral-powder,https://brushonblock.com/cdn/shop/files/SPF-50-Brush-LS-1.png?v=1725827639&width=1500,SPF-50-Brush-LS-1.png,brush-on-block-spf-50-lifestyle-outdoor-application-1.png,,Woman using Brush On Block SPF 50 outdoors.
https://brushonblock.com/products/brush-on-block-spf-50-translucent-mineral-powder,https://brushonblock.com/cdn/shop/files/SPF-50-Brush-LS-3.png?v=1725827692&width=1500,SPF-50-Brush-LS-3.png,brush-on-block-spf-50-lifestyle-outdoor-application-2.png,,Woman applying Brush On Block SPF 50 at the beach.
https://brushonblock.com/products/brush-on-block-spf-50-translucent-mineral-powder,https://brushonblock.com/cdn/shop/files/SPF-50-Brush-LS-4.png?v=1725827692&width=1500,SPF-50-Brush-LS-4.png,brush-on-block-spf-50-lifestyle-outdoor-application-3.png,,Woman applying Brush On Block SPF 50 while hiking.
https://brushonblock.com/products/brush-on-block-spf-50-translucent-mineral-powder,https://brushonblock.com/cdn/shop/files/Chamomile_Extract_and_Bisabolol.jpg?v=1725825131&width=1500,Chamomile_Extract_and_Bisabolol.jpg,brush-on-block-ingredient-chamomile-extract-bisabolol.jpg,Chamomile Extract,Chamomile extract and bisabolol ingredient.
https://brushonblock.com/products/brush-on-block-spf-50-translucent-mineral-powder,https://brushonblock.com/cdn/shop/files/Safflower_Seed_Oil.jpg?v=1725825147&width=1500,Safflower_Seed_Oil.jpg,brush-on-block-ingredient-safflower-seed-oil.jpg,Safflower Seed Oil,Safflower seed oil ingredient.
https://brushonblock.com/products/brush-on-block-spf-50-translucent-mineral-powder,https://brushonblock.com/cdn/shop/files/Rice_Bran_Extract.jpg?v=1725825178&width=1500,Rice_Bran_Extract.jpg,brush-on-block-ingredient-rice-bran-extract.jpg,Rice Bran Extract,Rice bran extract ingredient.
https://brushonblock.com/products/brush-on-block-spf-50-translucent-mineral-powder,https://brushonblock.com/cdn/shop/files/Iron_Oxides.jpg?v=1734646981&width=1500,Iron_Oxides.jpg,brush-on-block-ingredient-iron-oxides.jpg,Iron Oxides,Iron oxides pigment ingredient.
https://brushonblock.com/products/brush-on-block-spf-50-translucent-mineral-powder,https://brushonblock.com/cdn/shop/files/SPF_50_lower_2.jpg?v=1730749146&width=1500,SPF_50_lower_2.jpg,brush-on-block-spf-50-application-shoulder.jpg,,Applying Brush On Block SPF 50 to shoulder.
https://brushonblock.com/products/brush-on-block-spf-50-translucent-mineral-powder,https://brushonblock.com/cdn/shop/files/Lower_productr_page_-_1200_x_985.png?v=1728925570&width=1500,Lower_productr_page_-_1200_x_985.png,brush-on-block-spf-50-application-wide-hat.png,,Woman touching shoulders wearing wide-brim hat (SPF 50 lifestyle).
https://brushonblock.com/products/brush-on-block-spf-50-translucent-mineral-powder,https://brushonblock.com/cdn/shop/files/SPF_50_lower_4.jpg?v=1728925584&width=1500,SPF_50_lower_4.jpg,brush-on-block-spf-50-application-back-neck.jpg,,Applying Brush On Block SPF 50 to back of neck.
